Unique Data Point ID	Name	Content	Label
11211	3FPOYIPK0Q	 ___________________________________________________________________________________________________________________________________________________________________Energy Efficient Home Improvement: 25C (Up to $3,200 Available Now)DESCRIPTIONThe Inflation Reduction Act significantly expands and extends the 25C tax credit, now known as the Energy Efficient Home Improvement Credit. Previously, this tax credit was limited to 10% of your project costs but is now increased to up to 30% and available on an annual basis. After January 1, 2023, qualified energy-efficient improvements to your home may qualify you for tax credits worth up to $3,200	
15890	KBP2QD6VAS	" These brave men and women and their families sacrificed so much to protect us and our freedom. It is our duty to ensure that we take care of them when they return home, many with injuries, visible and invisible.
Nellis and Creech Air Force Bases establish a significant active-duty military footprint here in southern Nevada"	
16236	25SQ8CROYR	" In New Jersey, there are 23 federally-funded Health Center organizations that serve 511,947 patients through a combined 144 delivery sites.
Congressman Pallone is proud to support community health centers so they may grow and expand. According to the National Association of Community Health Centers, community health centers in Congressman Pallone's district leveraged $7,245,311 in federal investments and served approximately 63,135 patients in 2016"	
4854	DPG8SBI4Q2	 The Inflation Reduction Actcreated the Medicare Drug Price Negotiation Program, which allows Medicare for the first time to negotiate directly with drug manufacturers to lower the costs of the most widely used and expensive drugs that seniors rely on to treat heart disease, arthritis, diabetes, cancer and more. As a result, the list prices for 10 of the most widely used and expensive drugs in the Medicare program will drop significantly starting January 2026, with more medications to be selected for price negotiation each year. Over 9,000,000 Americans currently take one or more of those first 10 drugs, and Medicare patients are expected to save $1	
8106	UK9E1V2ISQ	gov. The Department of Consumer Protection has also issued a warning to homeowners to be wary of scams to repair or replace faulty concrete. I urge consumers to take precautions before making any payments or signing contracts	
19371	WAOUAXEQBN	 In our nation, diversity makes us stronger. With that strength we must summon our collective humanity to provide a place for refugees, many of whom are women and children, fleeing war and terrorism.	
6229	55NF4ZW9XA	I passed two amendments and voted for legislation to ensure parents have a say in education curriculum being taught to their children. I played a pivotal role in keeping the Space Command headquarters in Colorado.I helped secure a $5,109,735 grant for the Pueblo Community Health Center	
16394	YZ7SRCBPLJ	Vasquez, a lifelong hunter and outdoorsman, is deeply committed to safeguarding New Mexico's public lands. He is championing smart climate solutions to ensure future generations have access to clean water, air and lands.Here are some ways he has worked to protect New Mexico’s natural beauty: Public LandsWildfire Prevention & ManagementClimate SolutionsIntroduced the M	
12673	HHPBMYOFQE	" In order to make meaningful progress, we need to make sure that all of the stakeholders have a seat at the table, and that everyone has a voice in repairing our beautiful estuary. If we don't receive ""buy-in"" from all active partners, we can never achieve the goal of a robust environment that our children will be able to appreciate. This does mean that other upstream states whose waters flow into the Bay must also do their part, and the federal government is a logical choice to make sure that happens"	
20853	MYX444NLZ1	  We have formed coalitions of nations to depose tyrannical dictators that threatened the freedoms and safety of our citizens and allies.  Together with our friends we have drawn attention to humanitarian crises and worked to improve the quality of life in those parts of the world that live in poverty and turmoil.As a senior member of the House Committee on Foreign Affairs, I have the privilege to help address the issues facing our relationships with nations around the world	
9369	P49KWV08HH	 It has already led to the development of a generic competitor for the EpiPen, which was desperately needed as the manufacturer spiked the rate of that life-saving medicine due to lack of competition. To date, Bilirakis's provision has led to the development of more  than 200 various therapies for which there wasn't previously a generic competitor.Additionally, Congressman Bilirakis joined his colleagues last Congress in introducing H	
20332	3R30ME8F84	Prior to being elected to Congress, I spent 28 years as a therapist, rehabilitation services manager and a licensed nursing home administrator. As a result, I've learned firsthand the importance of access to quality healthcare in rural communities and have become a strong advocate for increased access, affordability, quality of care, and patient choice. I came to Washington to help address the many challenges we face in healthcare and advance these same principles	
2428	JGXAA2ILGB	978, Clean and Efficient Cars Act of 2019, to restore the Obama-era tailpipe emission and fuel economy standards rollback by the Trump Administration.In March 2021, she led a letter with 70 of her colleagues urging the Biden Administration to take action to reinstate California’s Clean Air Act waiver and restore the Obama-Biden tailpipe emission and fuel economy standardsIn July of 2021, she led a letter a follow up letter with 130+ of her colleagues to reiterate the importance of reinstating the California authority to set its own vehicle emission standardsIn October of 2021 she led a letter to President Biden urging his Administration to adopt the strongest proposal for new tailpipe emission standards. The new tailpipe emissions rule announced in December of 2021 incorporated many of the policies that the Congresswoman had urged for over the past years	
6791	55NF4ZW9XA	When I was sworn into Congress, I pledged to support and defend the Constitution of the United States—including the Second Amendment. The Founders understood that the right to keep and bear arms is necessary to the security of a free state, so they drafted the Bill of Rights to ensure that the government did not mess with our sacred liberties. Despite the clarity of the Second Amendment, leftists continue to try and trample on our enumerated rights	
4362	PKYRYBOVAK	" That means no out-of-pocket cost for vaccines to prevent shingles, tetanus, hepatitis, COVID-19, and flu.
Protections Against Prescription Price Hikes - Starting this month, if a drug company raises the price of a Medicare Part D prescription by more than the rate of inflation, the manufacturer will have to pay the difference in price back to Medicare.  That means more money for Medicare to cover costs — savings that will be passed onto seniors"	
1474	5PY6B2KNFT	I am proud to serve as a member of the Committee on Homeland Security, including as Chairman of the Emergency Management and Technology Subcommittee. Protecting our homeland requires constant vigilance across many fronts – from securing our borders and preventing illegal crossings, to addressing emerging threats posed by drones, cyberattacks, and bioterrorism.  Our nation faces complex and evolving challenges, including drug and human trafficking, threats to mass gatherings and critical infrastructure, and risks to our agricultural and food systems	
11736	9SKDGIGATJ	S. Department of Veterans Affairs (VA) Police Officers and the VA Acquisition Review Board Act to create a formal structure for the review and approval of major acquisition programs at VA.  Additionally, Rep	
7531	6HID25OWF7	 Tax Relief Beginning in 2016, Reps. Larson and Courtney began consulting with the Internal Revenue Service (IRS) and Treasury Department staff to find relief for homeowners. As a result of these meetings, on November 22, 2017, the IRS issued Rev	
13590	YLURTP0LZJ	Since the passage of the USMCA Trade Agreement, I have joined my colleagues in making sure other countries are honoring their agreements. I have called for the implementation of USMCA enforcement measures to support our dairy industry, and worked with colleagues on both sides of the aisle to voice our unwavering support for free trade and Michigan farmers.Expand Rural BroadbandRural broadband development is one of my top priorities as a member of Congress	
12148	ES6M033IFH	The continued pursuit of American energy independence is critical to our nation's economy and national security. It is imperative that Congress unleashes America's energy capacity and remove burdensome regulations to lower gas and home energy prices. In Washington, I continue to champion an all-of-the-above domestic energy strategy that includes expanding Iowa’s biofuels	
10637	QLGZUI1B0Z	 But discriminatory and exclusionary housing policies and an unaffordable and inaccessible housing market have made it far too difficult for many to achieve the dream of homeownership. A co-sponsor of the Original Fair Housing Resolution, the Housing for All Act, and the Housing Crisis Response Act, Congresswoman Ramirez is a champion for policies and programs that give Americans the opportunity to set roots in a place they can call their own.	
9594	4GH2M5ZJA8	 This legislation would provide comprehensive health care to every American with no premiums, co-payments or deductibles, expanding coverage to dental, hearing and vision services and allowing every American the freedom to choose their doctors without bureaucratic red tape getting in the way. With costs rising more every day, high insurance premiums and medical costs are becoming unreasonable for the middle and lower class to keep up with. We need health care policy reform to address this gap and to continue the fight for affordable health care for all Americans	
13554	TL3Q4N89QK	 That is why I am fighting for smarter, pro-growth policies that get government out of the way and help small businesses expand and hire new workers. In fact, I have supported overturning numerous regulations written by unelected bureaucrats who do not understand the negative consequences of the rules they wrote.Michigan has a talented workforce and world-leading manufacturing base, and we can keep it that way by promoting opportunities in the skilled trades	
8176	UK9E1V2ISQ	American College of Emergency Physicians: “Nearly every emergency physician has been assaulted or threatened on the job and the problem is only getting worse. Health care workers should be able to focus on saving lives without fearing for their safety. ACEP is deeply grateful to Rep	
5074	D84U89YJB1	" It would simply require that millionaires and billionaires pay the same Social Security taxes as everyone else. Fighting for Health Care
      Image    Congressman Sherman voted against the Republican cuts to the federal health insurance program in the “One Big Ugly Bill” recently signed by President Trump. The recently passed changes will force an estimated 17 million Americans to lose their health care coverage and targets Medicaid funding by creating a web of new limits on state funding and increasing patients’ out-of-pocket spending"	
14052	YLURTP0LZJ	607 - Condemns President Biden's failure to heed the advice of military and intelligence advisors about the speed and nature of the Taliban offensive, leading to a disorganized, chaotic, and abrupt evacuation of United States personnel and Afghan allies.07/21/2021 – Cosponsor: H.R	
2669	OTOHP6VZ41	2166San Ramon Valley Unifiedwww.srvusd.k12	
16162	25SQ8CROYR	 An oil spill would have devastating effects on New Jersey's coastal economy and environment. He has introduced the COAST Anti-Drilling Act, which would permanently ban offshore drilling in the Atlantic. He also has introduced the BEACH Act, which would impose new water quality testing and public notification standards so beachgoers are better protected and informed about the safety of their beaches	
16596	D5EQY08P0F	"695 - USPS Fairness Act
H.Res.119- Expressing that the USPS should take all appropriate measures to restore service standards in effect as of 7/1/2012
H"	
3454	AZYTJXEPQ8	R. 5723, the Social Security 2100 Act, to increase benefits for all recipients by about 2 percent; improve the annual COLA formula to better reflect the costs incurred by seniors; set the new minimum benefit at 25 percent above the poverty line and tie it to wage levels to ensure that the minimum benefit does not fall behind; improve benefits for widows and widowers in two-income households; repeal the Windfall Elimination Provision (WEP) and Government Pension Offset (GPO) that currently penalize many public servants; end the 5-month waiting period to receive disability benefits; provide caregiver credits to ensure that caregivers are not penalized in retirement for taking time out of the workforce to care for children or other dependents; extend benefits for students through age 22; and increase access to benefits for children who live with grandparents or other relatives. Presently, payroll taxes are not collected on wages over $142,800; this bill would apply the payroll tax to wages above $400,000, a provision that would only affect the top 0	
1576	0982N2ATQY	 They fought so that we could live in the land of freedom and opportunity, and we will forever be in their debt.Despite the many promises we have made to our veterans in return for their service, many still struggle to access care and benefits due to a disappointingly inefficient Department of Veterans Affairs (VA). As reported over the past few years, the VA has fallen woefully short of expectations and simple measures of human decency towards America's best	
10171	7C3DD03UVU	Congressman Jackson has been working to build an economy that prioritizes equitable growth and opportunity. He believes it is a duty to advance the economic interests and not the interests of billionaires. During his first term in office, he supported measures to fight inflation, raise the minimum wage, and support small businesses	
2284	JGXAA2ILGB	" The Congresswoman will continue to fight to ensure that our veterans have access to the highest quality healthcare.
Congresswoman Matsui believes that providing mental health support to our nation’s veterans is of the utmost importance. To this end, she voted to pass the Clay Hunt Suicide Prevention for American Veterans (Clay Hunt SAV) Act, H"	
20781	UVY8N1UTOX	Our region and our state depend on the conservation of nature to grow and prosper. I’m committed to keeping oil rigs off our coast permanently to ensure South Carolina will never experience the crippling devastation others have and that we do all we can to protect our environment and wildlife.For more information concerning work and views related to Offshore Drilling, please contact our office	
11706	K0GET8T63J	Serving as a local meteorologist for over 20 years required me to be a trusted neighbor to the people in Central and Northwestern Illinois. In Congress, I’m still working to be a trusted voice for the people of Illinois’ 17th District. That means being willing to work with anyone – Republican or Democrat – to make sure everyone in my District has their needs met	
15643	ZBIKCIDKWN	"
I'll continue to work with the support of my western colleagues to pass legislation to help Nevada leverage its vast public lands, while preserving our unique landscape and way of life. In these efforts, I am always cognizant of the importance of water rights and multi-use access.
Common sense federal solutions to our public land designations are possible, but local communities must have a seat at the table to overcome the ""Washington knows best"" mentality that routinely ignores the best interests of local stakeholders"	
3602	AZYTJXEPQ8	" 1, including 1) clarifying that operating fake polling places or drop boxes to prevent another person from registering to vote is a serious federal crime; 2) putting Congress on record opposing efforts to intimidate or engage in deceptive practices to dissuade students from exercising their right to vote; and 3) requiring schools to make voting information more accessible to students online and through social media.
I'm an original cosponsor of, voted for, and the House passed, H.R"	
21983	DZR1YXR2DH	  Congresswoman Garcia works diligently to ensure that the law protects every person, and she is a champion for reproductive justice and will continue the fight to secure the rights for our most marginalized communities. Women’s EqualityBelow are a few examples of how the Congresswoman has worked in Washington, D.C	
23847	NHJ7XVG0FN	"A strong economy is essential for a successful nation. In recent years, we have seen skyrocketing inflation rates, record-breaking gas prices, increased tax rates, and an unstable supply chain, all of which have made it more difficult for folks to provide for their families.
The broken budget process in Washington has made it incredibly difficult to identify areas of wasteful and duplicative spending"	
6696	55NF4ZW9XA	 This important project will create 400,000 acre-feet of new water storage, generate $535 million in local spending, and create 360 new jobs. The project will provide a critical water supply, as well as protect and stimulate rural development, including agriculture, for present and future water users. It will also foster new employment, income, business generation, and tax revenues to Northwest Colorado	
3161	AZYTJXEPQ8	 890, the Gym Mitigation and Survival (GYMS) Act, a bipartisan bill to provide much-needed assistance to gyms, fitness studios, and fitness facilities that have struggled as a result of the COVID-19 pandemic. The GYMS Act would provide $30 billion to the Small Business Administration to disburse grants to eligible fitness businesses. Facilities would be required to certify economic needs and recipients can use funds for expenses such as payroll, rent and mortgage obligations, utility payments, worker protection expenditures, and more	
6334	55NF4ZW9XA	 I passed an amendment through the House that redirected funding from DHS bureaucracy to fund CBP fentanyl detection at Border Patrol Checkpoints and prevent fentanyl from entering America.I passed an amendment through the House that redirected funding from DOE bureaucrats to the Upper Colorado River Basin Development Fund for Colorado River Dam Fund to increase water storage.I passed an amendment through the House that redirected $4 million dollars from DOE bureaucracy to the Colorado River Storage Project to help combat water shortages in the West	
19935	45BM1ENF31	If you have questions about the vaccines please consult with your physician and visit the CDC website.Updates on Economic Impact PaymentsFor a full list of questions and answers regarding the status of your EIP visit the IRS website.Information for Student Loan Borrowers:The interest on federal student loans is set at 0% and are placed in forbearance (suspension of payments) until August 31, 2022	
8067	UK9E1V2ISQ	"house.gov/files/IRS%20Letter.pdf
To view the IRS webinar from several years ago on the casualty loss deduction and net operating losses due to crumbling foundations, click here:
https://www"	
19204	H75LXO6QJI	 Investments in water infrastructure are critical to ensuring the availability and affordability of this critical resource. Doing so will ensure that water resources across the state are managed in a way to meet both our present needs and those of the many generations to come.THE MISGUIDED GREEN NEW DEALRegardless of political points of view, most Americans can agree that good stewardship of the earth and its precious resources is important	
14245	YLURTP0LZJ	  Additionally, there has been an increasing presence of heroin and opioid abuse in Michigan which has sadly led to numerous overdoses and deaths. As a member of the Bipartisan Heroin Task Force, I’ve been working with my colleagues to foster awareness, develop best practices, and promote collaboration to address problems associated with heroin addiction. In October 2018, the President signed into law, the SUPPORT for Patients and Communities Act, a series of legislative solutions to fight the crisis our country is currently facing	
2880	74X2EK3ZEZ	 At the same time, we must work to reduce the achievement gap, create opportunities for students to attain higher education, and make sure that we have the best trained, most qualified teachers in the world.In strengthening our education system, we will create a thriving, 21st century workforce that will lead emerging industries and ensure America remains a leading economic power on the world stage.WHAT DEMOCRATS ARE DOINGEarly EducationEarly childhood learning programs have proven to be one of the most valuable investments in our children's future, dramatically increasing their ability to succeed later in school and in life	
6296	55NF4ZW9XA	I passed an amendment through the House that prohibited bonuses for senior executive service employees at the Internal Revenue Service.I secured $279.26 million into federal law for Bureau of Reclamation projects and rural water projects, including the Arkansas Valley Conduit that will provide an abundant supply of clean water for 50,000 people in Southeastern Colorado	
4250	43C5BA75UU	 Under the American Recovery and Reinvestment Act (ARRA), she supported the largest clean energy investment in American history which has helped our country nearly double our renewable power generation since 2008.Reducing our Greenhouse Gas EmissionsZoe has supported efforts to reduce greenhouse gas emissions and increase efficiency standards for cars, trucks, and buildings. By increasing efficiency, we can reduce overall consumption and slow emissions that lead to climate change	
6919	55NF4ZW9XA	 Permanently altering and disabling the physical bodies of children is never ok—and it is especially deplorable when done to gain cheap political points with the radical left. I introduced the Protecting Our Kids from Harmful Research Act to prohibit tax dollars from funding Dr. Fauci’s National Institute of Health’s studies on sex change, sterilization, chemical castration, and puberty-blocking procedures for minors suffering from gender dysphoria	
6521	55NF4ZW9XA	 These include bills like H.R. 845 the Pet and Livestock Protection Act, H	
21557	1T2TALA753	R. 7129, the Put America on Commission Act of 2024, passed out of Committee, which maximizes recovery efforts for fraudulent pandemic loan funds. My bill to hold fraudsters accountable by prohibiting individuals convicted of defrauding the Government from receiving any future assistance from the SBA (H	
16583	D5EQY08P0F	  Disposable Income is projected to increase by $2.76 billion each year, an average of $357 per household. As a pro-jobs and pro-growth elected official, investing in our region’s infrastructure is the best way to stimulate Long Island’s economy, create jobs, and improve the safety and livelihoods of all Long Islanders	
7278	3Y30YSXPNN	 My Grandpa Chavez gained his American citizenship by serving in World War II. I served 12 years in the Army - including a combat deployment to the Middle East - the Colorado Army National Guard as a UH-60 Black Hawk helicopter pilot, and as an Arvada police officer. Military:After serving in the War on Terror, I strongly believe we can be doing more to strengthen our military	
18105	3ZMF8MDD4V	 Our veterans followed through on their promise to defend our country. Now, we must ensure we keep every promise made to them and their families for their service. I truly consider this my most sacred honor as your voice in Congress	
12388	UJV6OH9SDB	 I also worked across the aisle to bring USDA’s Economic Research Service (ERS) and National Institute of Food and Agriculture (NIFA) offices to the Kansas City Metro region, bringing an estimated 700 good-paying federal jobs to our area. Sustainable food systems: A healthy food system needs to work for producers, consumers, and the environment—it’s a matter of economic strength and national security. Investing in local food production, conservation, nutrition programs, and our state’s strong legacy of ag research helps ensure Kansas’ agriculture industry can succeed for generations to come	
21345	PVS7HZIOYK	I also sponsored the TCJA Permanency Act, legislation to keep more money in Americans' wallets by making permanent the tax cuts for families and small businesses enacted in 2017.Inflation is a tax on all Americans. I will continue working to ensure taxpayers' hard-earned dollars are spent wisely and cast votes in favor of economic opportunity and American job growth	
19548	3NX39RBSV5	Congresswoman Bynum is committed to pushing for policies to ensure that more Oregonians have access to quality healthcare. She believes that healthcare should be a right, not a privilege. She is working in Congress to protect essential programs like Medicare and Medicaid, advance efforts to lower the cost of prescription drugs, and restore and expand women’s access to reproductive care	
20939	ODRO8BNP84	International travel guidance issued by the Department of State is available here.State Department and specific country advisories are listed here.If you have symptoms of coronavirus – fever, cough, shortness of breath – and have been in close contact with a person known to have coronavirus or have recently traveled from an area with widespread or ongoing community spread of coronavirus, make sure to contact your health care provider immediately	
2102	JGXAA2ILGB	S. Food and Drug Administration. Congresswoman Matsui also Co-Chairs the Congressional Food Allergy Caucus, advocating for issues impacting the 32 million Americans who have a potentially life-threatening food allergy	
23500	UHXID4N1U3	 Bills such as the Rebuild America’s Schools Act would make a $100 billion investment in upgrading America’s schools. Because federal resources can only be used for school repair costs in cases of disaster, investments in public school construction and maintenance has dwindled, leaving many students without safe and healthy school facilities. I am also an advocate of programs that help prepare students for their next steps after high school such as the TRIO program, which helps students from disadvantaged backgrounds to prepare for and excel in college	
11270	3FPOYIPK0Q	gov 💻 Online: krishnamoorthi.house.gov/contact/emailAdditional InformationBelow, you’ll find answers to some of the most frequently asked questions about the shutdown	
9583	QX6GVWRDML	Congresswoman Cherfilus-McCormick serves on the House Committee of Veterans Affairs. She is committed to ensuring our veterans receive the services and benefits they deserve. In addition, she is deeply committed to increasing public awareness of Veterans Affairs	
3704	AZYTJXEPQ8	" This bill would expand the federal background check system to cover all firearm sales, including those at gun shows, over the internet, or in classified ads, while also incentivizing states to provide more accurate and complete information to the national background check database.
I cosponsored and voted for, and the House passed, the Enhanced Background Checks Act of 2021. This bill would close the ""Charleston loophole,"" a gap in federal law that lets gun sales proceed without a completed background check if three business days have passed"	
23503	UHXID4N1U3	"
Career and Technical Education and Workforce Training: The current education system focuses too much on pushing students into four-year higher education institutions instead of exploring all available options that would best fit an individual’s circumstances. The education and skills necessary for current and future in-demand, good paying jobs – whether in technology, clean energy, or infrastructure – can often be attained at community and technical colleges and through apprenticeship programs. We need to reduce the barriers to and increase funding for these programs"	
12028	6WKTAKPUXQ	S. strategy in Palestine and Israel that prioritizes: A just and lasting peace through a two-state solution An end to the humanitarian crisis in Gaza Equal rights, dignity, and security for both Israelis and Palestinians After October 7, 2023, Congressman Carson has taken the following actions: Introduced the UNRWA funding Emergency Restoration Act to restore humanitarian aid to Gaza through the United Nations Relief and Works Agency. Signed a letter to President Biden and Secretary of State Blinken expressing concerns on the unfolding humanitarian situation in Gaza	
13458	7S55J2O7S3	 We need more leaders with the political courage to take action because our kids are dying in our schools and on our streets. I was one of the first lawmakers to refuse to participate in Republican-led “moments of silence” in Congress because the status quo is unacceptable: we need real change.	
18562	DYT9MOGE4Q	 Our nation has crushing infrastructure needs, including our parks, trails, forests and waterways. We can address unemployment by putting people to work rebuilding our infrastructure.	
10198	7C3DD03UVU	 He believes everyone should have a fair opportunity to be admitted to a college or university without discrimination. That's why he cosponsored the Fair College Admissions for Students Act, a crucial piece of legislation that aimed to amend the Higher Education Act of 1965 to prohibit institutions of higher education participating in Federal student aid programs from giving admissions preference to students with legacy or donor status. This act is a vital step towards ensuring equal opportunities for all students	
2360	JGXAA2ILGB	  For more than 70 years, streetcars rolled through downtown Sacramento, and the Congresswoman has a vision for building on that history and bringing streetcars back to the region.  The streetcar project will help connect West Sacramento and Sacramento, and provide more options to residents and tourists who are looking to move more efficiently between neighborhoods. In February 2016, the Obama Administration recommended that Sacramento’s streetcar initiative receive funding in his budget request	
6060	XAJI0Y6DPB	 The soil is some of the state's most fertile due to the mountain's location in the Central Colorado Volcanic Field. Home to some of the state's most prized scenic views, Pisgah Mountain is emblematic of Colorado in its most natural form with flourishing wildlife, breathtaking views, and a rich plant-life.Platte River Addition – 31 acres This small addition to the existing Platte River Wilderness would preserve the North Gate Canyon	
15448	IE0RNUJJQ9	Local & Regional Food Systems & Food DesertsLocal food systems have the potential to yield significant benefits to the economy and create jobs.  According to a recent study by the Union of Concerned Scientists, a modest amount of public funding for between 100-500 farmers markets could create as many as 13,500 jobs over a five-year period.  By providing further investment in local and regional food systems, we can bolster agriculture and put people back to work	
16094	25SQ8CROYR	"5 trillion.
Congressman Pallone believes the American tax system should serve all Americans by growing our economy and supporting the middle class and those who aspire to reach it. He also believes that we should end unfair tax breaks that shield the wealthiest Americans from paying their fair share"	
19262	WAOUAXEQBN	 This means delivering additional resources to low-income schools and implementing restorative policies that end the school-to-prison pipeline, reduce suspensions and expulsions, and make schools safer and healthier for all students. It also means providing each student with a meaningful pathway to a degree or into the workforce after high school. We must also invest in making higher education more affordable so students and families will no longer have to choose between getting a degree or credential and putting food on the table	
15350	IE0RNUJJQ9	The Fed initially cut its discount rate for loans, extended credit to banks, and brought down the interest rate for depository institutions. When this wasn't enough, the Fed took extraordinary steps to provide emergency funds directly to institutions and foreign central banks that desperately needed it. The severity of the crisis and its impact on millions of Americans also forced the Fed to enter unchartered territory, engaging in large-scale financial asset purchases that lowered long-term interest rates	
23784	1W1HT7PZE9	 I am committed to preserving our environment through investments in clean energy capabilities. I subscribe to the notion that if we make investments in the short term, we can ultimately make our energy use more efficient in the long term. My goal is to modernize our energy technology through research and development of new technologies so that we can continue to create and manufacture goods while reducing harmful pollution and saving consumers money	
4877	DPG8SBI4Q2	  Investing in Main Street and Supporting EntrepreneursAn overwhelming majority of small businesses are turned away for conventional loans by banks, and only a tiny fraction receive third-party investments. This is why we rely on the SBA to help fill this gap in access to capital. Small Business Investment Companies, or SBICs, are SBA-backed institutions that provide both equity and debt investments to high-potential startups	
20331	3R30ME8F84	Health issues affect us all and determining the best means of addressing them is an important part of my work in Congress.Prior to being elected to Congress, I spent 28 years as a therapist, rehabilitation services manager and a licensed nursing home administrator. As a result, I've learned firsthand the importance of access to quality healthcare in rural communities and have become a strong advocate for increased access, affordability, quality of care, and patient choice	
18251	QIMQODPXNF	For more information concerning my work and views on National Security issues, please contact our office. Thank you.	
12582	ZHWJR64DPJ	" NO CORRUPTION Act: Politicians should face real consequences when they abuse their office. This bill would eliminate pension payments for members of Congress who have been convicted of felonies or various offenses related to their work in office. 
	 More Transparency, Less Foreign Influence in Our Elections Block Foreign-Funded Political Ads Act: Foreign adversaries shouldn’t be able to pay to sow division among Americans or spread propaganda on American media channels"	
20622	TZ0YNCXLL4	Click HERE to read the required financial disclosure letter. Ross Township - Body-Worn Camera/Fleet Video Project - $501,501The Ross Township Police Department is seeking funding to replace existing, end of life, body-worn cameras and fleet video.The entity to receive funding for this project is the Ross Township Police Department, located at 1000 Ross Municipal Dr, Pittsburgh, PA 15237	
12477	ZHWJR64DPJ	 Jared enlisted in the U.S. Marine Corps after the terrorist attacks on 9/11, leaving his studies at the University of Maine in Farmington to serve his country	
14223	YLURTP0LZJ	 Honoring our Local HeroesIn July 2024, I took to the House floor to honor the life and legacy of Hillsdale County Sheriff’s Deputy William Henry Butler Jr., who was tragically killed during a traffic stop. To commemorate his venerable sacrifice, Deputy Butler’s name was memorialized and added to the National Law Enforcement Officers Memorial wall in Washington, D	
7218	3Y30YSXPNN	 There’s not single path that’s right for everyone. I support policies that promote and expand access to career technical pathways that provide low cost options to graduating high school seniors and support our local economy.Finally, I will fight to empower families by breaking down barriers and improving transparency to protect parental rights	
7279	3Y30YSXPNN	 I served 12 years in the Army - including a combat deployment to the Middle East - the Colorado Army National Guard as a UH-60 Black Hawk helicopter pilot, and as an Arvada police officer. Military:After serving in the War on Terror, I strongly believe we can be doing more to strengthen our military. We must do more to deter our adversaries and partner with good actors	
2170	JGXAA2ILGB	Located at the confluence of the Sacramento and American Rivers, Sacramento and West Sacramento face a constant threat of flooding. With the major floods of 1986 and 1997, the Sacramento region understands the importance of a modern, system-wide approach to flood control. Throughout her time in Congress, Congresswoman Matsui has continuously advocated for federal resources to minimize our risk of flooding, which includes maintaining and strengthening the region’s levee and dam system while taking a wider, watershed approach to managing high-water events	
15458	NAM148P0TV	From Atchison County, where I live, to Marion County clear across the state, I speak with people who are worried about our out of control government. I hear stories about how government bureaucrats are becoming increasingly aggressive, and the biggest bully of the bunch, by far, is the EPA.First the EPA tried to regulate farm dust, which would drive up costs on family farms	
13932	YLURTP0LZJ	 I have led efforts in Congress, including the Choice in Automobile Retail Sales (CARS Act), to prevent the implementation of electric vehicle mandates and ensure that Americans can choose the vehicle that is best suited for their unique needs. I am committed to advancing policies that uphold consumer choice for families across Michigan.Develop and Promote Alternative FuelsWe need to promote a healthier environment and spur the development and deployment of clean energy infrastructure without the ‘pie-in-the-sky' mandates, regulations, and massive federal government spending	
13966	YLURTP0LZJ	The strategy of the United States and our allies must include comprehensive solutions and correct root causes of Putin's aggression, not simply reactionary measures. ChinaSince the establishment of diplomatic relations with China more than 40 years ago, the United States has sought a constructive relationship with China. However, over the years, China has chosen a path of economic aggression and has sought to assert its power and influence around the world	
17915	A1WJ0TPAC5	North Carolina’s First Congressional District is home to eight times more veterans per capita than the nation. As a House Committee on Armed Services member, he will boldly advocate on behalf of our active service members because he understands the sacred obligation to care for those who serve and have served our country.For more information concerning work and views related to our servicemembers, veterans, and military families issues, please contact our office	
7176	LC58DRC11E	  Arapahoe County Veterans Affairs   Apply for VA Healthcare  Job Readiness & Employment Assistance   Home Loans  GI Bill Benefits  Help exiting homelessness    Fedshirevets.gov  Veterans’ Employment and Training Service  Rocky Mountain Regional VA Medical Center: Providing VA medical services including mental health care and Women's Veteran Program.   Medicare Savings Program   Lower Prescription Costs   mySocial Security Account   Contact your local office   Estimate Future Benefits   U	
15885	KBP2QD6VAS	"
Demanding Equal Pay for Equal Work
Generations of women have fought for their rights in the workplace and finally closing the wage gap that has been present for all of our history is critical. That’s why I was a proud cosponsor of the Paycheck Fairness Act that passed the House in April 2021 to eliminate wage discrimination and force transparency about salary disparities. I also helped pass the Pregnant Workers Fairness Act to put forth explicit, unwavering rights for pregnant workers and support women’s ability to work and start a family"	
16136	25SQ8CROYR	" Young adults may now stay on their parents' health coverage through 26.
Community Health Centers
Community Health Centers provide vital health services to the local community, particularly to those who may not access health care otherwise. In New Jersey, there are 24 federally-funded Health Center organizations that served 561,965 patients and provided over 2 million patient visits in 2018"	
11824	6WKTAKPUXQ	 Boner Center, and other community organizations. These programs provide hands-on training in advanced manufacturing, healthcare, and technology—helping workers re-enter the job market with the skills needed for today’s careers. We must continue expanding these efforts to prepare our workforce for the jobs of the future	
14421	YLURTP0LZJ	  Congress has a role to play in ensuring future innovations can flourish free from undue interference, as the only way the federal government can keep pace with innovation is by promoting a light-touch regulatory approach that enables the digital economy to thrive.Legislation11/25/2025 – Sponsored: H.R	
12087	6WKTAKPUXQ	 Studies have shown that immigrants create jobs, expand our tax base, and strengthen industries across America. That’s why I support:  Comprehensive immigration reform that boosts economic growth Stronger labor protections to prevent the exploitation of undocumented workers Holding employers accountable who pay workers under the table or skirt labor laws By modernizing our immigration system, we can eliminate workforce exploitation, ensure fair wages, and keep our economy thriving for all Americans. Welcoming Refugees & Asylum Seekers One of America’s greatest traditions is offering safety to those fleeing violence, oppression, and persecution	
12988	YWD14VE92M	R. 247, the Health Care Affordability Act, extends and expands the Affordable Care Act Premium Tax Credits to provide greater tax returns to families and communities that need health care the most;H.R	
5427	4IVSOLMLGS	"R. 319) which would do just that and help cut off the job magnet that draws people here illegally. 
I also believe that to truly secure our homeland, we must stop the flow of illicit narcotics into our communities"	
2965	74X2EK3ZEZ	 While before the ACA many low-income individuals with HIV did not qualify for Medicaid until they became disabled, the ACA's Medicaid expansion dramatically increased access to Medicaid for people with HIV. Today, more than 40 percent are covered under the program. The Affordable Care Act ended discrimination based on pre-existing conditions including HIV/AIDS, improved Medicare Part D for people participating in ADAP, and ended annual and lifetime caps on health benefits	
21279	6T4UFEL624	 He will continue to advocate for strong, stable funding for the NEA and other federal programs that sustain jobs and creative expression in Memphis and beyond.Arts in EducationThe arts are not an “add-on” to core education, they are a cornerstone of a complete education. Congressman Cohen has long championed efforts to expand access to arts education in public schools and ensure that creative learning receives the same level of support as science, technology, engineering, and math	
